text,label,notes
"The narrative that Ronaldo is hated in Portugal and his team mates are fed up is mostly a media and reddit driven narrative. People were heavily criticizing when he shot the pass meant for Bruno but go and ask him, Bruno idolises Ronaldo. He is very much loved there. Playing him might not be the right thing tactically but he is still a legend there.",analysis,Conceicao thread; borderline analysis - cites Bruno pass event + concedes tactical point
"I find these quotes pretty ridiculous honestly. Half an hour into the national team training session, Cristiano Ronaldo and him were just joking around, there's even video of it on social media. Portuguese journalists can be really something with these kinds of questions. Then foreign media pick up these comments just to farm clicks. Ruben Dias was right to push back a couple of days ago in that press conference.",analysis,Conceicao thread; structured argument w/ specific events
"ESPN gotta be the worst media handle ever, literally changed the entire narrative of the interview.",hot_take,Conceicao thread
"All people here acting like a striker calling for ball is some devilish act, I guess that's why hate watching is a thing.",hot_take,Conceicao thread
"Ronaldo with his actions on the pitch seems to disagree. Just saying.",hot_take,Conceicao thread
"the players should be smart enough to not say anything about Ronaldo but they keep falling for the bait.",hot_take,Conceicao thread
"Just perform on the pitch and all these nonsense click bait headlines will go away. I believe Portugal will get a good result v Uzbekistan.",hot_take,Conceicao thread; opinion + prediction
"Oh god, i thought the title was classic espn clickbait, but he actually said it. This isn't going to go down very well. He's a brave man, but i pray for his GF's instagram DMs.",reaction,Conceicao thread
"But who would ever think of misrepresenting a quote about Ronaldo?",reaction,Conceicao thread; sarcasm
"I'm sure that won't be taken out of context.",reaction,Conceicao thread; sarcasm
"Thank you. The title could be easily misinterpreted.",reaction,Conceicao thread
"Ferran finishing is a hit or a miss and he does waste lots of chances with Barca as well. Not sure if the issue is mental due to pressure or training or maybe both. He is a good sub so, not terrible at all and knows how to attack the space really well.",analysis,Ferran Torres thread; balanced assessment + Barca form
"This shows why players shoot or pass first time, the windows closes so fast in professional football.",analysis,Zizo miss thread; general tactical point
"Definitely not worse than Muslera. Uruguay has conceded three goals and two of those were 100% Muslera's fault. And I'm not even counting that freekick because I blame the wall about it.",analysis,Zizo thread; specific goals + fault breakdown
"She's a moron. Saying hello to your child just as they arrive in this world is disgusting? I'm not sure she's even human.",hot_take,Pierron thread
"Yeah this is just beyond idiotic imo. Yes the World Cup is a once in a lifetime event that many would kill to play in. But above all, becoming a father and seeing your own child's birth goes far beyond that. You only see your child brought into this world once and you will never forget it. I have no doubt he'd trade 10000 World Cup trophies to be there for his child and wife.",hot_take,Pierron thread; EDGE CASE - reasoned values argument but no verifiable evidence
"Really? I'd say most people would rather win a World Cup than watch the birth of their child. There are plenty of people who miss the birth of their child through life getting in the way. This whole situation is so stupid overblown. People getting this pissed over a random journalist making stupid comments.",hot_take,Pierron thread; EDGE CASE - reasoned counter-argument, no evidence
"even if you felt powerless during the moment, you are still there giving support to your partner. Calling the birth of your child a disgusting moment is honestly psychotic. Even if she has such dumbass beliefs, she has no right to judge anyone else.",hot_take,Pierron thread
"Soft that no one can stand this being uttered. Call her an idiot and move on.",hot_take,Pierron thread; contrarian
"hot take i understand where she's coming from.",hot_take,Pierron thread
"He needs his confidence back. Shame on DLF for starting him on the wing. Love him, but he's so streaky, here's hoping he finally gets that goal he's wanting.",hot_take,Ferran thread; selection opinion no evidence
"some of these players are addicted to taking an unnecessary extra touch, just shoot the ball.",hot_take,Zizo thread; generalization
"Worst goalkeeper of the tournament so far.",hot_take,Zizo thread; bold claim no evidence
"Because zizo is a overrated fraud.",hot_take,Zizo thread
"Watching my children be born are some of the greatest moments of my life. Wouldn't change it for anything. Disgusting comments from her.",reaction,Pierron thread; personal emotional
"Ah, good. It will give her more time to spend with her family. I'm sure they'll be eternally grateful for that.",reaction,Pierron thread; sarcasm
"Bro celebrated, argued with the ref, and accepted the five stages of grief in 30 seconds.",reaction,Ferran thread; emotional observation
"Poor guy has been going through it.",reaction,Ferran thread
"Poor dude. I hope he'll get a screamer goal next game.",reaction,Ferran thread
"How do you not score that.",reaction,Zizo thread
"You can't take that many touches wtf.",reaction,Zizo thread
"how he's wasted that i will never understand.",reaction,Zizo thread
"Insane recovery there by the keeper.",reaction,Zizo thread
"Bruh you're Zizo, not Maradona. Just shoot.",reaction,Zizo thread
"Lewandowski is a proper scorer. Top 10 at both Bayern and Barca.",analysis,Lewa stats thread; claim + evidence
"He had a nasty injury in 2006. He played less than 60 games in 2 seasons because of it. Year after was 2008/2009, finally fit and almost sold by Pep. Captains Puyol and Xavi convinced him to stay. He scored 36 goals in 50 or so games.",analysis,Lewa thread; detailed factual history
"He's 4th on appearances of the 11 players on this list, so it's not as outlandish as you're implying.",analysis,Lewa thread; counter-argument grounded in data
"For context, Lamine Yamal is on 49, would need 15 seasons scoring 40 a year to get close to Messi.",analysis,Lewa thread; quantitative projection
"People in the replies saying this isn't impressive are you forgetting he only joined Barca back in 2022. He was 32/33 as well.",analysis,Lewa thread; argument with specific facts
"It's interesting to see so many of the players having the almost exact same number of goals despite having somewhat different number of matches played. Two with 120 goals next to another pair with 122, then another two with 130 next to 129. Only the top 2 players have totally unique numbers.",analysis,Lewa thread; pattern observation from data
"He'd have easily surpassed #2 if he'd been allowed to stay.",hot_take,Lewa thread; speculative claim no evidence
"Bold prediction: Messi holds his #1 spot for at least a few years.",hot_take,Lewa thread; prediction
"And Barca was in a hot mess, he truly came as a star and leaves as a legend.",hot_take,Lewa thread; evaluative praise no evidence
"Seeing the list, the amount of matches seems more impressive than the goals. Guys do not stay in Barca long apparently lol.",hot_take,Lewa thread; casual observation
"Yeah I thought he was joining for his retirement year. What the fuck.",reaction,Lewa thread
"Surprised his total is so high when he joined already past his peak.",reaction,Lewa thread
"672 is just insane.",reaction,Lewa thread
"Messi almost 3x higher than #2 is unbelievable.",reaction,Lewa thread
"I'm more surprised that Eto'o only have 6 more games than him.",reaction,Lewa thread
"Luis Suarez joining Barca so late into his career and still being #3 is crazy.",reaction,Lewa thread
"Messi playing Career mode on beginner. Truly insane.",reaction,Lewa thread; joke
"Crazy to see he was only there for 4 seasons and was still able to score 120 goals.",reaction,Lewa thread
"I really like Ferran. He works hard, presses well and knows how to position himself in deadly spots. It's why he gets so many attempts at goal. Unfortunately he hasn't been a great finisher. It's what separates him from being a top 3 striker in the world to being a super sub.",analysis,Ferran support thread; player assessment
"He's topping the charts for big chances missed because he gets into great positions all the time, his positional awareness is so good. But unfortunately his finishing lets him down. If he improves his finishing he'll be up there among the top 5 strikers easily, because he has pace, positional sense and works tirelessly. Missing piece is his finishing and first touch.",analysis,Ferran thread; detailed assessment w/ chances-missed stat
"He is one goal away from having a generational run with Spain. Amazing in press, great off the ball movement, intelligent at reading the play, passionate and hard working personality, but he depends on confidence and good form way too much.",analysis,Ferran thread; balanced strengths/weaknesses
"The team also needs to know how to utilise him. Lots of wastefulness from the likes of baena and their chance creation was solely whipping in crosses for profiles that aren't a typical 9.",analysis,Ferran thread; tactical point on chance creation
"And I would be faster than Usain Bolt if I could run 100 mts in less than 9 seconds. Ferran won't improve his finishing, that's something he should have developed when he was younger. He either has it or he doesn't.",hot_take,Ferran thread; dismissive claim no evidence
"He's 26 years and been professional for years with these same mistakes. I don't think he'll ever improve his finishing. good super sub tho.",hot_take,Ferran thread; prediction thin support
"Feel bad for him. He's a decent player, but just not good enough to be the starter for a big club. Good backup option to have though.",hot_take,Ferran thread; judgment no evidence
"Legit can be a worldclass striker if he improves his finishing.",hot_take,Ferran thread
"Kudos to Hansi Flick and Lamine for somehow making this guy look like a footballer.",hot_take,Ferran thread; sarcastic dig
"Anything can be achieved if we put our minds to it. Who knew raphinha would go from a 20-30 g/a winger to producing ballon dor numbers 60-70 g/a. Pressure is a privilege.",hot_take,Ferran thread; motivational w/ loose comparison
"Just shows the kind of intense pressure and scrutiny the top tier players are constantly under. Hope he gets his goal in the upcoming games.",reaction,Ferran thread
"Fuck the haters goated attitude goated heart.",reaction,Ferran thread
"I love this man and the passion/effort he plays with.",reaction,Ferran thread
